username,email,homepage,text,datepublish,ip,browser
"test","test@test.com","","Hello","2019-12-01 21:31:24.650871+10","127.0.0.1","Opera"
"test","test@test.com","","Hello","2019-12-01 21:31:24.650871+10","127.0.0.1","Opera"
"test","test@test.com","","Hello","2019-12-01 21:31:24.650871+10","127.0.0.1","Opera"
"test","test@test.com","","Hello","2019-12-01 21:31:24.650871+10","127.0.0.1","Opera"
"test","test@test.com","","Hello","2019-12-01 21:31:24.650871+10","127.0.0.1","Opera"
"test","test@test.com","","Hello","2019-12-01 21:31:24.650871+10","127.0.0.1","Opera"
"test","test@test.com","","Hello","2019-12-01 21:31:24.650871+10","127.0.0.1","Opera"
"test","test@test.com","","Hello","2019-12-01 21:31:24.650871+10","127.0.0.1","Opera"
"test","test@test.com","","Hello","2019-12-01 21:31:24.650871+10","127.0.0.1","Opera"
"test","test@test.com","","Hello","2019-12-01 21:31:24.650871+10","127.0.0.1","Opera"
"test","test@test.com","","Hello","2019-12-01 21:31:24.650871+10","127.0.0.1","Opera"
"test","test@test.com","","Hello","2019-12-01 21:31:24.650871+10","127.0.0.1","Opera"
"test","test@test.com","","Hello","2019-12-01 21:31:24.650871+10","127.0.0.1","Opera"
"test","test@test.com","","Hello","2019-12-01 21:31:24.650871+10","127.0.0.1","Opera"
"test","test@test.com","","Hello","2019-12-01 21:31:24.650871+10","127.0.0.1","Opera"
"test","test@test.com","","Hello","2019-12-01 21:31:24.650871+10","127.0.0.1","Opera"
"test","test@test.com","","Hello","2019-12-01 21:31:24.650871+10","127.0.0.1","Opera"
"test","test@test.com","","Hello","2019-12-01 21:31:24.650871+10","127.0.0.1","Opera"
"test","test@test.com","","Hello","2019-12-01 21:31:24.650871+10","127.0.0.1","Opera"
"test","test@test.com","","Hello","2019-12-01 21:31:24.650871+10","127.0.0.1","Opera"
"test","test@test.com","","Hello","2019-12-01 21:31:24.650871+10","127.0.0.1","Opera"
"test","test@test.com","","Hello","2019-12-01 21:31:24.650871+10","127.0.0.1","Opera"
"test","test@test.com","","Hello","2019-12-01 21:31:24.650871+10","127.0.0.1","Opera"
"test","test@test.com","","Hello","2019-12-01 21:31:24.650871+10","127.0.0.1","Opera"
"test","test@test.com","","Hello","2019-12-01 21:31:24.650871+10","127.0.0.1","Opera"
"test","test@test.com","","Hello","2019-12-01 21:31:24.650871+10","127.0.0.1","Opera"
"test","test@test.com","","Hello","2019-12-01 21:31:24.650871+10","127.0.0.1","Opera"
"test","test@test.com","","Hello","2019-12-01 21:31:24.650871+10","127.0.0.1","Opera"
"test","test@test.com","","Hello","2019-12-01 21:31:24.650871+10","127.0.0.1","Opera"
"test","test@test.com","","Hello","2019-12-01 21:31:24.650871+10","127.0.0.1","Opera"
"test","test@test.com","","Hello","2019-12-01 21:31:24.650871+10","127.0.0.1","Opera"
"test","test@test.com","","Hello","2019-12-01 21:31:24.650871+10","127.0.0.1","Opera"
"test","test@test.com","","Hello","2019-12-01 21:31:24.650871+10","127.0.0.1","Opera"
"test","test@test.com","","Hello","2019-12-01 21:31:24.650871+10","127.0.0.1","Opera"
"test","test@test.com","","Hello","2019-12-01 21:31:24.650871+10","127.0.0.1","Opera"
"test","test@test.com","","Hello","2019-12-01 21:31:24.650871+10","127.0.0.1","Opera"
"test","test@test.com","","Hello","2019-12-01 21:31:24.650871+10","127.0.0.1","Opera"
"test","test@test.com","","Hello","2019-12-01 21:31:24.650871+10","127.0.0.1","Opera"
"test","test@test.com","","Hello","2019-12-01 21:31:24.650871+10","127.0.0.1","Opera"
"test","test@test.com","","Hello","2019-12-01 21:31:24.650871+10","127.0.0.1","Opera"